,AWC_cm.per.cm.,Sand_Percent,Silt_Percent,Clay_Percent,Moist.BD_g.per.cm3.,OM_Percent
1,0.16,17,48,35,1.2,1.5
2,0.22,42,38,20,1.3,1.5
3,0.12,70,18,12,1.5,1.5
4,0.16,66,20,14,1.45,1.5
5,0.12,65,27,9,1.63,1.8
6,0.21,45,40,15,1.2,2
7,0.19,43,43,14,1.2,3
8,0.19,45,40,15,1.2,2
9,0.21,44,40,16,1.25,0.8
10,0.23,44,40,17,1.3,3
11,0.21,25,53,23,1.3,2
12,0.22,11,68,21,1.25,2
13,0.21,25,53,23,1.3,2
14,0.22,29,54,17,1.35,2
15,0.11,87,7,7,1.5,1.5
16,0.16,66,20,14,1.45,1.5
17,0.11,87,7,7,1.5,1.5
18,0.16,66,20,14,1.45,1.5
19,0.11,87,7,7,1.5,1.5
20,0.11,87,7,7,1.63,2
21,0.11,87,7,7,1.5,1.5
22,0.08,96,1,3,1.5,0.8
23,0.14,63,26,12,1.35,8
24,0.22,7,70,23,1.18,4.5
25,0.21,10,68,23,1.18,5
26,0.2,42,40,18,1.3,3
27,0.16,63,26,11,1.3,2
28,0.16,65,20,15,1.33,2
29,0.16,63,26,11,1.3,2
30,0.16,65,20,15,1.33,2
31,0.2,22,56,22,1.2,3
32,0.21,19,60,21,1.28,3
33,0.21,19,60,21,1.28,3
34,0.21,19,60,21,1.28,3
35,0.21,11,65,24,1.2,1.6
36,0.21,19,60,21,1.28,3
37,0.22,41,41,18,1.2,3
38,0.21,19,60,21,1.28,3
39,0.22,41,41,18,1.2,3
40,0.21,9,65,27,1.45,2
41,0.17,64,27,10,1.4,6
42,0.14,66,20,14,1.3,2
43,0.21,44,40,16,1.4,2.5
44,0.2,22,56,22,1.38,2
45,0.2,44,40,16,1.48,2.5
46,0.19,43,43,14,1.2,3
47,0.21,45,40,15,1.2,2
48,0.21,14,72,14,1.18,3
49,0.23,27,54,19,1.25,3
50,0.21,14,72,14,1.18,3
51,0.23,27,54,19,1.25,3
52,0.22,11,68,21,1.25,2
53,0.22,29,54,17,1.35,2
54,0.22,29,54,17,1.35,2
55,0.22,11,68,21,1.25,2
56,0.11,87,8,5,1.45,2.3
57,0.13,78,16,6,1.88,1.3
59,0.08,94,3,3,1.58,0.8
60,0.17,64,27,10,1.6,3
61,0.11,85,9,6,1.58,1.5
62,0.11,85,9,6,1.58,1.5
63,0.08,95,1,5,1.65,1.8
64,0.08,93,1,6,1.58,3
65,0.1,95,1,4,1.65,1.8
66,0.08,96,2,2,1.54,0.8
67,0.08,84,8,8,1.55,0.8
68,0.11,86,7,7,1.51,2
69,0.11,87,7,6,1.51,2
70,0.11,78,16,6,1.52,2
71,0.11,77,16,7,1.63,2
72,0.18,68,14,18,1.35,8
73,0.11,87,7,6,1.51,2
74,0.17,64,27,9,1.4,6
76,0.08,96,2,2,1.55,0.8
77,0.08,96,2,2,1.55,0.8
78,0.11,86,7,7,1.5,2
79,0.17,64,27,9,1.38,6
80,0.17,46,43,11,1.4,6
82,0.11,87,7,6,1.5,0.8
83,0.11,87,7,6,1.53,1.5
84,0.11,87,7,6,1.45,1.5
85,0.21,45,43,12,1.5,3
86,0.11,63,27,10,1.51,2
87,0.17,70,22,8,1.4,6
88,0.08,93,3,4,1.54,0.8
89,0.08,93,3,4,1.54,0.8
90,0.08,94,3,3,1.59,0.8
91,0.08,93,3,4,1.58,0.8
92,0.08,94,3,3,1.59,0.8
93,0.08,93,3,4,1.58,0.8
94,0.08,93,3,4,1.54,0.8
95,0.11,87,6,7,1.2,1.3
96,0.08,94,2,4,1.54,0.8
97,0.1,95,1,4,1.65,1.8
98,0.08,94,3,3,1.59,0.8
99,0.1,87,7,6,1.6,2
100,0.08,94,3,3,1.59,0.8
101,0.08,96,1,3,1.55,6
102,0.11,86,7,7,1.52,1.5
103,0.16,66,20,14,1.45,1.5
104,0.16,65,20,15,1.33,2
105,0.16,66,20,14,1.45,1.5
106,0.16,65,20,15,1.33,2
107,0.08,94,3,3,1.59,0.8
108,0.21,10,68,23,1.18,5
109,0.16,66,20,14,1.3,2
110,0.23,26,53,21,1.3,3
111,0.17,64,26,10,1.35,1.5
112,0.16,64,26,10,1.4,6.5
113,0.11,87,8,5,1.45,2.3
114,0.21,45,43,12,1.5,3
115,0.1,87,7,6,1.6,2
117,0.08,94,3,3,1.58,0.8
118,0.2,39,36,25,0.9,12
120,0.17,64,27,10,1.6,3
121,0.11,85,9,6,1.58,1.5
122,0.11,85,9,6,1.58,1.5
123,0.1,95,1,4,1.65,1.8
124,0.08,94,3,3,1.5,0.8
125,0.1,95,1,4,1.65,1.8
126,0.08,96,2,2,1.54,0.8
127,0.11,87,7,6,1.51,2
128,0.11,78,16,6,1.52,2
129,0.11,87,7,6,1.51,2
130,0.17,64,27,9,1.4,6
131,0.08,84,8,8,1.55,0.8
132,0.11,86,7,7,1.51,2
133,0.19,40,38,22,1.35,13
135,0.08,96,2,2,1.55,0.8
136,0.08,95,3,2,1.54,0.8
137,0.11,87,7,6,1.51,1.5
138,0.08,96,2,2,1.55,0.8
139,0.11,86,7,7,1.5,2
140,0.17,64,27,9,1.38,6
142,0.11,87,7,6,1.53,1.5
143,0.08,86,7,7,1.4,0.8
144,0.11,80,17,4,1.8,1.3
145,0.08,86,7,7,1.4,0.8
146,0.11,79,17,4,1.45,2
147,0.11,79,17,4,1.45,2
148,0.1,78,16,6,1.45,1.5
149,0.11,63,27,10,1.51,2
150,0.17,70,22,8,1.4,6
151,0.08,93,3,4,1.54,0.8
152,0.08,93,3,4,1.54,0.8
153,0.08,93,3,4,1.58,0.8
154,0.08,94,3,3,1.59,0.8
155,0.08,94,3,3,1.59,0.8
156,0.08,93,3,4,1.58,0.8
157,0.11,87,7,6,1.5,1.5
158,0.08,93,3,4,1.54,0.8
159,0.11,87,6,7,1.2,1.3
160,0.08,94,2,4,1.54,0.8
161,0.1,95,1,4,1.65,1.8
162,0.08,94,3,3,1.59,0.8
163,0.11,87,6,7,1.2,1.3
164,0.08,96,1,3,1.5,0.8
165,0.11,79,17,4,1.45,2
166,0.08,94,3,3,1.59,0.8
167,0.08,96,1,3,1.55,6
168,0.08,93,3,4,1.55,2
169,0.17,64,27,10,1.4,2
170,0.17,64,27,10,1.4,2
171,0.14,70,22,9,1.4,2
172,0.19,39,38,23,1.23,3
173,0.16,65,20,15,1.33,2
174,0.16,65,20,15,1.33,2
175,0.14,66,20,14,1.33,2
176,0.09,92,2,6,1.64,0.8
177,0.08,94,3,3,1.59,0.8
178,0.11,87,8,5,1.45,2.3
179,0.16,67,20,14,1.4,1.5
180,0.11,87,7,7,1.5,0.8
181,0.11,87,7,7,1.5,0.8
182,0.11,87,7,7,1.45,0.8
183,0.08,92,1,7,1.5,0.8
184,0.11,87,7,7,1.45,0.8
185,0.21,45,43,12,1.5,3
186,0.1,87,7,6,1.6,2
188,0.08,94,3,3,1.58,0.8
189,0.2,39,36,25,0.9,12
190,0.11,85,9,6,1.58,1.5
191,0.11,85,9,6,1.58,1.5
192,0.1,95,1,4,1.65,1.8
193,0.08,94,3,3,1.5,0.8
194,0.1,95,1,4,1.65,1.8
195,0.08,96,2,2,1.54,0.8
196,0.11,87,7,6,1.51,2
197,0.11,78,16,6,1.52,2
198,0.11,87,7,6,1.51,2
199,0.17,64,27,9,1.4,6
200,0.08,84,8,8,1.55,0.8
201,0.11,86,7,7,1.51,2
202,0.19,40,38,22,1.35,13
204,0.08,96,2,2,1.55,0.8
205,0.11,87,7,6,1.51,1.5
206,0.08,96,2,2,1.55,0.8
207,0.11,86,7,7,1.5,2
208,0.17,64,27,9,1.38,6
210,0.11,87,7,6,1.45,1.5
211,0.11,87,7,6,1.53,1.5
212,0.11,63,27,10,1.51,2
213,0.17,70,22,8,1.4,6
214,0.08,93,3,4,1.54,0.8
215,0.08,93,3,4,1.54,0.8
216,0.08,93,3,4,1.58,0.8
217,0.08,94,3,3,1.59,0.8
218,0.08,94,3,3,1.59,0.8
219,0.08,93,3,4,1.58,0.8
220,0.11,87,7,6,1.5,1.5
221,0.11,87,7,6,1.5,1.5
222,0.08,94,2,4,1.54,0.8
223,0.1,95,1,4,1.65,1.8
224,0.08,94,3,3,1.59,0.8
225,0.08,96,1,3,1.55,6
226,0.08,93,3,4,1.55,2
228,0.1,87,7,6,1.3,2
229,0.11,87,7,7,1.5,1.5
230,0.1,87,7,6,1.3,2
231,0.11,87,7,7,1.5,1.5
232,0.1,95,1,4,1.65,1.8
233,0.11,87,7,6,1.51,2
234,0.14,63,26,12,1.35,8
235,0.17,64,27,10,1.4,6
236,0.14,63,26,12,1.35,8
237,0.17,64,27,10,1.4,6
238,0.12,86,7,8,1.5,6
239,0.14,87,2,12,1.35,8
240,0.12,86,7,8,1.5,6
241,0.14,87,2,12,1.35,8
243,0.11,87,7,7,1.5,6
244,0.11,86,7,7,1.51,2
245,0.08,93,3,4,1.54,0.8
246,0.08,93,3,4,1.58,0.8
247,0.08,94,3,3,1.59,0.8
248,0.08,94,3,3,1.59,0.8
249,0.08,93,3,4,1.58,0.8
250,0.08,93,3,4,1.55,2
251,0.2,58,20,22,1.3,3
252,0.1,87,7,6,1.6,2
254,0.08,94,3,3,1.58,0.8
255,0.2,39,36,25,0.9,12
258,0.17,64,27,10,1.6,3
259,0.11,85,9,6,1.58,1.5
260,0.08,96,2,2,1.55,0.8
261,0.1,95,1,4,1.54,1.8
262,0.08,94,3,3,1.5,0.8
263,0.11,87,7,6,1.51,2
264,0.11,78,16,6,1.52,2
266,0.11,87,7,6,1.51,1.5
267,0.17,64,27,9,1.38,6
269,0.11,87,7,6,1.45,1.5
270,0.11,87,7,6,1.53,1.5
271,0.17,60,19,21,1.35,1.5
272,0.2,45,30,25,1.3,3
273,0.08,94,3,3,1.59,0.8
274,0.11,86,7,7,1.51,2
275,0.08,93,3,4,1.54,0.8
276,0.08,93,3,4,1.58,0.8
277,0.08,94,3,3,1.59,0.8
278,0.08,94,3,3,1.59,0.8
279,0.08,93,3,4,1.58,0.8
280,0.11,87,7,6,1.5,1.5
281,0.08,94,2,4,1.54,0.8
282,0.1,95,1,4,1.65,1.8
283,0.08,94,3,3,1.59,0.8
284,0.08,94,3,3,1.59,0.8
285,0.1,87,7,6,1.6,2
286,0.08,93,3,4,1.55,2
287,0.08,85,9,6,1.6,1.5
288,0.07,85,9,6,1.7,0.8
289,0.21,40,38,23,1.35,3
290,0.18,63,25,12,1.35,2
291,0.2,42,43,15,1.35,2
292,0.21,14,71,15,1.3,2
293,0.15,43,41,16,1.41,1.5
294,0.12,43,38,19,1.46,1.5
295,0.15,46,42,13,1.7,1.5
296,0.15,46,42,13,1.7,1.5
297,0.21,44,45,11,1.35,1.3
298,0.11,86,7,7,1.45,0.8
299,0.15,40,42,18,1.35,2
300,0.16,40,42,18,1.35,2
301,0.18,38,44,18,1.16,1.5
302,0.19,37,44,19,1.25,3
303,0.23,26,53,21,1.3,3
304,0.23,45,41,14,1.33,3
305,0.2,43,39,18,1.35,2
306,0.2,43,39,18,1.35,2
307,0.21,43,40,18,1.35,1.5
308,0.21,43,40,18,1.35,1.5
309,0.15,46,42,13,1.7,1.5
310,0.21,44,45,11,1.35,1.3
311,0.22,44,44,13,1.3,2
312,0.21,44,45,11,1.35,1.3
313,0.15,46,42,13,1.7,1.5
314,0.21,44,45,11,1.35,1.3
315,0.21,44,45,11,1.35,1.3
316,0.07,95,1,4,1.54,0.6
317,0.07,95,1,4,1.54,0.8
318,0.07,95,1,4,1.54,0.8
319,0.07,95,1,4,1.54,0.8
320,0.08,95,1,4,1.6,0.8
321,0.14,65,27,9,1.4,2
322,0.11,86,7,8,1.3,2
323,0.17,41,42,18,1.33,2
324,0.17,41,42,18,1.33,2
325,0.19,14,69,18,1.33,2
326,0.19,14,69,18,1.33,2
327,0.15,66,26,9,1.33,2
328,0.2,63,25,12,1.5,0.8
329,0.11,87,6,7,1.45,0.8
330,0.11,87,6,7,1.45,0.8
331,0.11,87,6,7,1.45,0.8
332,0.11,87,6,7,1.45,0.8
333,0.17,65,27,9,1.5,3
334,0.11,79,16,5,1.55,1
335,0.11,86,4,10,1.45,0.8
336,0.21,42,37,21,1.35,2
337,0.21,40,38,23,1.4,3
338,0.22,44,41,15,1.6,2
339,0.16,64,27,10,1.4,2
340,0.22,42,39,19,1.49,2
341,0.2,42,39,19,1.3,1.7
342,0.12,65,27,9,1.6,1
343,0.13,65,27,9,1.45,2
344,0.17,63,26,11,1.45,1.5
345,0.1,80,16,4,1.78,2
346,0.13,68,20,12,1.4,2
347,0.21,22,56,22,1.25,2.6
348,0.21,14,68,18,1.25,2
349,0.18,11,70,19,1.16,3
350,0.19,11,70,19,1.25,3
351,0.23,26,53,21,1.3,3
352,0.22,14,69,18,1.4,2
353,0.22,14,69,18,1.4,2
354,0.22,60,27,13,1.3,1.5
355,0.2,42,42,16,1.33,2.5
356,0.2,42,42,16,1.33,3
357,0.2,45,41,14,1.33,3
358,0.19,44,41,15,1.35,2
359,0.2,45,41,14,1.33,3
360,0.19,44,41,15,1.35,2
361,0.23,45,41,14,1.33,3
362,0.21,44,41,15,1.35,2
363,0.2,43,39,18,1.35,2
364,0.2,43,39,18,1.35,2
365,0.21,43,40,18,1.35,1.5
366,0.13,64,26,10,1.35,1.5
367,0.18,64,26,10,1.35,1.5
368,0.16,65,20,15,1.35,3
369,0.11,87,7,6,1.38,1.5
370,0.08,78,16,6,1.68,0.8
371,0.08,78,16,6,1.68,0.8
375,0.11,84,9,7,1.2,1.3
376,0.12,62,30,8,1.63,1.8
377,0.22,14,69,18,1.3,3
378,0.22,14,69,18,1.3,3
379,0.14,66,20,14,1.33,2
380,0.16,64,26,10,1.3,2
381,0.16,64,26,10,1.3,2
382,0.1,78,16,6,1.4,2
383,0.12,80,12,8,1.45,1.3
384,0.12,80,12,8,1.45,1.3
385,0.2,38,40,22,1.35,2.2
386,0.21,14,71,15,1.3,2
387,0.18,11,68,21,1.2,2
388,0.21,42,39,19,1.3,1.5
389,0.22,42,39,19,1.49,2
390,0.2,42,39,19,1.3,1.7
391,0.12,65,27,9,1.6,1
392,0.13,65,27,9,1.45,2
393,0.16,62,24,14,1.43,1.5
394,0.17,64,25,11,1.4,1.5
395,0.1,80,16,4,1.78,2
396,0.13,68,20,12,1.4,2
397,0.09,87,6,7,1.45,2
398,0.18,11,70,19,1.16,3
399,0.23,26,53,21,1.3,3
400,0.21,44,45,11,1.35,1.3
401,0.21,44,41,15,1.35,2
402,0.2,45,43,12,1.5,0.8
403,0.21,44,41,15,1.35,2
404,0.2,42,42,16,1.33,2.5
405,0.2,42,42,16,1.33,3
406,0.23,45,41,14,1.33,3
407,0.21,44,41,15,1.35,2
408,0.2,45,41,14,1.33,3
409,0.19,44,41,15,1.35,2
410,0.2,45,41,14,1.33,3
411,0.19,44,41,15,1.35,2
412,0.16,65,20,15,1.35,3
413,0.11,87,7,6,1.38,1.5
414,0.08,78,16,6,1.68,0.8
415,0.08,78,16,6,1.68,0.8
419,0.11,84,9,7,1.2,1.3
420,0.11,79,16,5,1.7,2
421,0.22,32,56,12,1.33,8
422,0.22,14,69,18,1.3,3
423,0.14,66,20,14,1.33,2
424,0.16,64,26,10,1.3,2
425,0.16,64,26,10,1.3,2
426,0.14,64,27,10,1.28,2
427,0.14,64,27,10,1.28,2
428,0.1,78,16,6,1.4,2
429,0.1,78,16,6,1.4,2
430,0.11,79,16,5,1.7,2
431,0.11,84,9,7,1.2,1.3
432,0.11,79,16,5,1.7,2
433,0.11,84,9,7,1.2,1.3
434,0.22,10,68,23,1.5,3
435,0.16,64,27,10,1.4,2
436,0.2,24,50,27,1.38,5
437,0.18,63,25,12,1.3,0.5
438,0.21,43,40,17,1.35,0.5
439,0.11,82,9,9,1.45,0.5
440,0.18,61,28,12,1.3,0.5
441,0.11,82,9,9,1.45,1.5
442,0.18,61,27,12,1.3,0.5
443,0.22,19,48,34,1.15,3
444,0.17,63,26,12,1.4,0.5
445,0.11,82,9,9,1.45,0.5
446,0.11,82,9,9,1.45,0.5
447,0.11,82,9,9,1.45,0.5
448,0.11,82,9,9,1.45,0.5
449,0.14,62,26,12,1.4,2
450,0.27,44,44,12,1.35,0.8
451,0.21,44,44,13,1.35,0.5
452,0.17,62,30,8,1.4,0.5
453,0.21,44,44,13,1.35,0.5
454,0.21,44,44,13,1.35,0.5
455,0.21,41,41,18,1.35,2
456,0.21,41,41,18,1.35,2
457,0.08,78,16,6,1.68,0.8
463,0.11,82,9,9,1.45,0.5
464,0.21,46,42,13,1.35,2
466,0.18,61,28,12,1.3,0.5
467,0.11,82,9,9,1.45,0.5
468,0.11,82,9,9,1.45,1.5
469,0.14,66,24,10,1.4,0.5
470,0.14,63,26,12,1.4,0.5
471,0.13,87,7,6,1.6,1
472,0.11,82,9,9,1.45,0.5
473,0.19,11,68,21,1.29,2.5
474,0.2,21,58,21,1.35,2
475,0.2,20,49,31,1.4,2.5
476,0.18,45,42,13,1.48,1.3
477,0.14,66,19,15,1.48,0.8
478,0.18,11,68,21,1.2,2
479,0.2,11,68,21,1.38,2.5
480,0.21,44,40,16,1.25,2
481,0.17,42,37,21,1.35,1
482,0.21,11,68,21,1.25,1
483,0.22,11,68,21,1.25,1.3
484,0.21,11,68,21,1.25,1.3
485,0.1,78,16,6,1.4,2
486,0.21,11,68,21,1.25,2
487,0.17,42,37,21,1.35,1
488,0.17,42,37,21,1.35,1
489,0.18,11,68,21,1.16,3
490,0.12,71,18,11,1.45,2.3
491,0.12,65,20,15,1.43,1.3
492,0.17,18,48,34,1.3,2.2
493,0.17,18,48,34,1.38,1.3
494,0.16,17,48,35,1.3,1.3
495,0.2,43,39,18,1.35,2
496,0.2,43,39,18,1.35,2
497,0.22,20,54,26,1.36,1.8
498,0.2,25,52,23,1.25,1.8
499,0.22,10,69,21,1.38,3
500,0.19,11,68,21,1.29,2.5
501,0.18,11,68,21,1.2,2
502,0.2,11,68,21,1.38,2.5
503,0.22,11,68,21,1.25,1.3
504,0.21,11,68,21,1.25,2
505,0.22,11,68,21,1.25,2
506,0.22,12,69,19,1.2,2
507,0.21,22,56,22,1.25,2.6
508,0.17,18,48,34,1.3,2.2
509,0.21,29,53,18,1.2,1.7
510,0.2,25,52,23,1.25,1.8
511,0.2,16,62,22,1.27,1.4
512,0.21,11,68,21,1.25,1.3
513,0.19,12,70,18,1.2,2
514,0.19,16,60,24,1.25,0.9
515,0.18,12,64,24,1.2,1.8
516,0.19,21,56,23,1.25,1.2
517,0.19,14,66,20,1.2,2
518,0.21,11,68,21,1.25,1.3
519,0.13,85,9,6,1.88,1
520,0.22,37,42,21,1.35,2.5
521,0.2,38,40,22,1.35,2.2
522,0.18,35,37,28,1.45,2.5
523,0.14,68,20,13,1.55,1
524,0.22,11,68,21,1.35,2.5
525,0.1,39,34,27,1.15,2
526,0.14,66,19,15,1.48,0.8
527,0.18,11,68,21,1.2,2
528,0.2,11,68,21,1.38,2.5
529,0.21,44,40,16,1.25,2
530,0.21,11,68,21,1.25,1
531,0.22,11,68,21,1.25,1.3
532,0.17,11,68,21,1.28,2
533,0.21,11,68,21,1.25,2
534,0.17,42,37,21,1.35,1
535,0.12,66,19,15,1.43,1.3
536,0.18,11,68,21,1.16,3
537,0.16,5,45,50,1.35,0.8
538,0.12,71,18,11,1.45,2.3
539,0.16,22,28,50,1.3,1.3
540,0.17,18,48,34,1.3,2.2
541,0.17,26,29,45,1.38,1.3
542,0.2,43,39,18,1.35,2
543,0.22,20,54,26,1.36,1.8
544,0.2,25,52,23,1.25,1.8
545,0.2,16,62,22,1.27,1.4
546,0.19,16,60,24,1.25,0.9
547,0.18,12,64,24,1.2,1.8
548,0.22,10,69,21,1.38,3
549,0.18,11,68,21,1.2,2
550,0.18,11,68,21,1.38,1.3
551,0.21,11,68,21,1.25,1
552,0.22,11,68,21,1.25,1.3
553,0.22,34,32,34,1.25,2
554,0.21,29,53,18,1.2,1.7
555,0.23,38,44,19,1.2,1.5
556,0.21,38,44,18,1.25,1.5
557,0.22,20,54,26,1.36,1.8
558,0.2,25,52,23,1.25,1.8
559,0.23,11,68,21,1.35,2
560,0.17,66,20,14,1.55,0.8
561,0.19,11,68,21,1.29,2.5
562,0.11,84,9,7,1.55,0.8
563,0.14,67,20,13,1.5,0.8
564,0.18,35,34,31,1.4,0.8
565,0.18,35,34,31,1.4,0.8
566,0.18,34,32,34,1.4,1.5
567,0.12,26,29,45,1.35,1.5
568,0.11,86,7,8,1.55,1.5
569,0.17,35,37,28,1.45,0.8
570,0.13,63,25,12,1.4,2
571,0.15,31,42,27,1.4,0.8
572,0.18,11,68,21,1.2,2
573,0.23,11,68,21,1.25,0.8
574,0.18,11,68,21,1.38,1.3
575,0.21,11,68,21,1.25,1
576,0.22,11,68,21,1.25,1.3
577,0.12,71,18,11,1.45,0.9
578,0.22,34,32,34,1.25,2
579,0.21,29,53,18,1.2,1.7
580,0.22,20,54,26,1.36,1.8
581,0.2,25,52,23,1.25,1.8
582,0.07,95,2,3,1.55,0.8
583,0.08,95,1,4,1.55,0.8
584,0.08,87,7,7,1.56,0.8
585,0.07,95,2,3,1.55,0.8
586,0.07,94,2,4,1.54,0.2
587,0.11,78,16,6,1.6,0.8
588,0.17,66,20,14,1.4,0.8
589,0.08,96,2,3,1.45,0.8
590,0.18,27,44,30,1.4,2
591,0.14,66,19,15,1.48,0.8
592,0.18,11,68,21,1.2,2
593,0.18,11,68,21,1.38,1.3
594,0.21,11,68,21,1.25,1
595,0.22,11,68,21,1.25,1.3
596,0.12,71,18,11,1.45,0.9
597,0.13,70,19,11,1.45,1.8
598,0.12,71,18,11,1.45,2.3
599,0.17,65,20,15,1.45,0.8
600,0.17,65,20,15,1.4,0.8
601,0.22,19,48,34,1.25,2
602,0.21,29,53,18,1.2,1.7
603,0.14,63,23,14,1.5,1.3
604,0.14,65,22,13,1.5,1.3
605,0.22,20,54,26,1.36,1.8
606,0.2,25,52,23,1.25,1.8
607,0.2,16,62,22,1.27,1.4
608,0.19,16,60,24,1.25,0.9
609,0.18,12,64,24,1.2,1.8
610,0.11,87,7,7,1.55,0.8
611,0.11,78,16,6,1.6,0.8
612,0.11,84,7,10,1.45,0.8
613,0.11,65,20,15,1.48,0.8
614,0.07,87,7,6,1.7,0.8
615,0.07,92,2,6,1.7,0.8
616,0.14,66,19,15,1.48,0.8
617,0.07,85,9,6,1.7,0.8
618,0.15,38,34,28,1.35,0.8
619,0.15,42,32,26,1.35,0.8
620,0.15,42,38,20,1.35,0.8
621,0.15,42,38,20,1.35,0.8
622,0.15,65,20,15,1.35,0.8
623,0.15,28,29,43,1.38,3
624,0.12,66,19,15,1.43,1.3
625,0.21,29,53,18,1.2,1.7
626,0.15,65,22,13,1.5,1.3
627,0.22,20,54,26,1.36,1.8
628,0.22,7,62,31,1.24,1.5
629,0.22,7,62,31,1.24,1.5
630,0.18,47,35,18,1.4,2
631,0.16,68,20,12,1.45,0.8
632,0.09,79,16,5,1.5,0.8
633,0.09,79,16,5,1.5,0.8
634,0.09,79,16,5,1.5,0.8
635,0.13,66,20,14,1.45,0.8
636,0.13,66,20,14,1.45,0.8
637,0.09,79,16,5,1.5,0.8
638,0.09,79,16,5,1.5,0.8
639,0.09,79,16,5,1.5,0.8
640,0.09,79,16,5,1.5,0.8
641,0.09,79,16,5,1.5,0.8
642,0.08,85,10,5,1.65,0.5
643,0.16,9,42,49,1.17,1.6
644,0.08,85,10,5,1.65,0.5
645,0.08,85,10,5,1.65,0.5
646,0.13,63,26,12,1.3,3.5
647,0.18,42,37,21,1.4,0.8
648,0.18,42,37,21,1.44,0.8
649,0.19,38,33,29,1.4,2.5
650,0.13,66,20,14,1.45,0.8
651,0.13,66,20,14,1.45,0.8
652,0.13,67,20,13,1.48,0.8
653,0.22,38,44,19,1.2,2
654,0.13,67,20,13,1.48,0.8
655,0.22,38,44,19,1.2,2
656,0.13,67,20,13,1.48,0.8
657,0.22,38,44,19,1.2,2
658,0.07,87,7,6,1.7,0.8
659,0.16,9,42,49,1.17,1.6
660,0.15,39,39,22,1.38,2.4
661,0.15,39,39,22,1.38,2.4
662,0.16,37,34,29,1.3,2
663,0.18,51,30,19,1.48,1.5
664,0.15,45,33,22,1.44,1
665,0.12,65,20,15,1.43,1.3
666,0.12,65,20,15,1.43,1.3
667,0.08,78,16,6,1.6,0.8
668,0.17,33,33,34,1.4,2
669,0.15,45,33,22,1.44,1
670,0.15,22,28,50,1.38,2
671,0.18,35,34,31,1.4,2
672,0.18,40,38,22,1.42,2
673,0.18,35,34,31,1.45,2
674,0.22,20,49,31,1.35,2
675,0.07,95,1,4,1.53,0.8
676,0.19,27,42,31,1.25,2
677,0.19,27,42,31,1.25,2
678,0.08,78,16,6,1.6,0.8
679,0.08,78,16,6,1.6,0.8
680,0.08,78,16,6,1.6,0.8
681,0.12,65,20,15,1.43,1.3
682,0.14,39,37,24,1.45,2
683,0.18,42,37,21,1.44,0.8
684,0.17,68,20,12,1.5,1.5
685,0.2,34,37,30,1.4,2
686,0.15,39,39,22,1.38,2.4
687,0.13,66,20,14,1.45,0.8
688,0.13,66,20,14,1.45,0.8
689,0.18,40,38,23,1.42,2
690,0.18,35,34,31,1.4,2
691,0.09,83,7,10,1.62,0.6
692,0.19,38,33,29,1.4,2.5
693,0.13,66,20,14,1.49,0.8
694,0.13,66,20,14,1.49,0.8
695,0.15,22,28,50,1.38,2
696,0.14,39,36,25,1.46,1
697,0.18,51,30,19,1.48,1.5
698,0.17,33,33,34,1.4,2
699,0.15,40,38,23,1.48,0.8
700,0.15,40,38,23,1.48,0.8
701,0.18,42,35,23,1.35,1.8
702,0.18,42,35,23,1.35,1.8
703,0.18,37,40,24,1.38,2
704,0.18,37,40,24,1.38,2
705,0.17,68,20,12,1.5,1.5
706,0.15,39,39,22,1.38,2.4
707,0.15,39,39,22,1.38,2.4
708,0.15,39,39,22,1.38,2.4
709,0.16,40,38,23,1.3,2
710,0.13,66,20,14,1.45,0.8
711,0.13,66,20,14,1.45,0.8
712,0.18,40,38,23,1.42,2
713,0.18,40,38,23,1.42,2
714,0.18,35,34,31,1.4,2
715,0.18,35,34,31,1.4,2
716,0.17,42,37,21,1.41,2.5
717,0.09,83,7,10,1.62,0.6
719,0.13,66,20,14,1.49,0.8
720,0.13,66,20,14,1.49,0.8
721,0.13,66,20,14,1.49,0.8
722,0.13,66,20,14,1.49,0.8
723,0.18,51,30,19,1.48,1.5
724,0.15,45,33,22,1.44,1
725,0.15,22,28,50,1.38,2
726,0.14,39,36,25,1.46,1
727,0.18,51,30,19,1.48,1.5
728,0.13,42,37,21,1.38,0.6
729,0.2,16,50,34,1.34,2
730,0.2,16,50,34,1.34,2
731,0.18,42,35,23,1.35,1.8
732,0.18,42,35,23,1.35,1.8
734,0.15,40,38,23,1.48,2
735,0.18,40,38,23,1.43,2
736,0.15,40,38,23,1.48,2
737,0.18,40,38,23,1.43,2
738,0.13,65,20,15,1.48,0.8
739,0.15,41,37,22,1.43,1.5
740,0.18,35,38,27,1.35,1.5
741,0.15,41,37,22,1.43,1.5
742,0.13,66,20,14,1.48,0.8
743,0.15,7,62,31,1.48,1.3
744,0.18,61,27,13,1.45,0.8
745,0.15,7,62,31,1.48,1.3
746,0.17,62,24,14,1.43,0.8
747,0.19,38,33,29,1.4,2.5
748,0.19,38,33,29,1.4,2.5
749,0.19,38,33,29,1.4,2.5
750,0.18,35,34,31,1.45,2
751,0.13,42,37,21,1.38,0.6
752,0.17,62,24,14,1.43,0.8
753,0.17,7,62,31,1.45,1.3
754,0.17,35,37,28,1.45,2.5
755,0.15,35,38,28,1.23,3.5
756,0.12,63,25,12,1.45,0.6
757,0.09,83,7,10,1.62,0.6
758,0.13,66,20,14,1.49,0.8
759,0.13,66,20,14,1.49,0.8
760,0.13,66,20,14,1.49,0.8
761,0.13,66,20,14,1.49,0.8
762,0.12,50,34,16,1.5,2.5
763,0.13,66,20,14,1.49,0.8
764,0.18,51,30,19,1.48,1.5
765,0.15,45,33,22,1.44,1
766,0.18,34,37,29,1.35,1.5
767,0.13,34,35,31,1.54,2.8
768,0.16,35,34,31,1.38,2
769,0.16,35,34,31,1.38,2
770,0.16,35,34,31,1.38,2
771,0.17,35,35,30,1.36,2.5
772,0.15,45,33,22,1.44,1
773,0.13,66,20,14,1.49,0.8
774,0.15,37,40,23,1.43,0.8
775,0.15,37,40,23,1.43,0.8
776,0.15,37,40,23,1.43,0.8
777,0.15,37,40,23,1.43,0.8
778,0.1,45,43,12,1.53,2
779,0.15,39,37,25,1.43,0.8
780,0.16,35,34,31,1.38,2
781,0.15,31,31,38,1.5,1.3
782,0.14,22,28,50,1.35,0.8
783,0.18,35,34,31,1.4,1.5
784,0.18,35,34,31,1.4,1.5
785,0.14,22,28,50,1.45,1.3
786,0.16,35,34,31,1.4,0.8
787,0.16,60,26,14,1.43,0.8
788,0.13,51,30,19,1.43,2.5
789,0.17,49,31,20,1.43,2.5
790,0.14,68,16,16,1.45,0.9
791,0.14,68,16,16,1.45,0.9
792,0.18,43,29,28,1.5,2.5
793,0.18,38,34,28,1.5,1.5
794,0.14,50,29,21,1.46,0.9
795,0.14,50,29,21,1.46,0.9
796,0.1,45,33,22,1.58,0.2
797,0.14,50,29,21,1.52,0.9
798,0.15,45,33,22,1.48,3.9
799,0.14,50,29,21,1.43,0.6
800,0.15,45,33,22,1.48,3.9
801,0.17,35,37,28,1.45,2.5
802,0.17,35,37,28,1.45,2.5
803,0.18,35,31,34,1.45,2
804,0.14,44,37,19,1.4,2.9
805,0.16,20,34,46,1.16,2.4
806,0.17,33,32,35,1.38,2.5
807,0.16,7,33,60,1.14,1.6
808,0.18,31,45,24,1.34,3.5
809,0.13,66,20,14,1.49,0.8
810,0.13,66,20,14,1.49,0.8
811,0.18,51,30,19,1.48,1.5
812,0.15,45,33,22,1.44,1
813,0.13,66,20,14,1.43,0.8
814,0.13,65,22,14,1.43,0.8
815,0.15,45,33,22,1.48,3.9
816,0.13,34,35,31,1.54,2.8
817,0.13,34,35,31,1.54,2.8
818,0.18,38,33,29,1.54,1.5
819,0.17,35,35,30,1.36,2.5
820,0.17,35,35,30,1.36,2.5
821,0.17,35,35,30,1.36,2.5
822,0.15,45,33,22,1.48,3.9
823,0.15,45,33,22,1.48,3.9
824,0.13,70,20,10,1.54,0.8
825,0.16,34,45,21,1.41,2.2
826,0.15,34,45,21,1.35,1.2
827,0.16,39,31,30,1.4,2.4
828,0.16,31,37,33,1.45,1.5
829,0.16,31,37,33,1.45,1.5
830,0.19,24,44,32,1.11,2.5
831,0.19,24,44,32,1.11,2.5
832,0.14,8,29,63,1.2,3.1
833,0.16,39,33,29,1.36,2.8
834,0.19,43,29,28,1.5,2.5
835,0.17,38,33,29,1.54,1.5
836,0.17,38,33,29,1.54,1.5
837,0.12,36,34,30,1.5,0.3
838,0.13,51,30,19,1.43,2.5
839,0.17,49,31,20,1.43,2.5
840,0.17,49,31,20,1.43,2.5
841,0.18,43,29,28,1.5,2.5
842,0.13,51,30,19,1.43,0.9
843,0.17,35,37,28,1.45,2.5
844,0.17,35,37,28,1.45,2.5
845,0.16,20,34,46,1.16,2.4
846,0.17,33,32,35,1.38,2.5
847,0.17,39,37,24,1.35,1.5
848,0.15,42,38,20,1.43,2
849,0.13,34,35,31,1.54,2.8
850,0.13,34,35,31,1.54,2.8
851,0.13,34,35,31,1.54,2.8
852,0.15,40,38,23,1.43,0.8
853,0.15,40,38,23,1.43,0.8
854,0.19,24,44,32,1.11,2.5
855,0.19,24,44,32,1.11,2.5
856,0.14,8,29,63,1.2,3.1
857,0.15,35,34,31,1.38,2.4
859,0.14,68,16,16,1.45,0.9
860,0.14,68,16,16,1.45,0.9
861,0.14,68,16,16,1.45,0.9
862,0.13,51,30,19,1.43,2.5
863,0.17,49,31,20,1.43,2.5
864,0.13,85,6,9,1.45,0.6
865,0.14,68,15,17,1.4,0.8
866,0.09,86,7,8,1.55,0.6
867,0.15,67,18,15,1.48,0.9
868,0.15,67,18,15,1.48,0.9
869,0.13,65,20,15,1.45,1.4
870,0.13,67,17,16,1.45,0.9
871,0.13,67,17,16,1.45,0.9
873,0.13,51,30,19,1.43,0.9
874,0.13,51,30,19,1.43,0.9
875,0.13,51,30,19,1.43,0.9
876,0.17,33,32,35,1.38,2.5
877,0.12,65,17,18,1.54,1.5
878,0.12,65,17,18,1.46,1.5
879,0.12,68,16,16,1.5,0.6
880,0.12,65,17,18,1.46,1.5
881,0.13,65,20,15,1.5,1.5
882,0.11,48,30,22,1.46,2
883,0.11,48,30,22,1.46,2
884,0.11,48,30,22,1.46,2
885,0.17,49,31,20,1.43,2.5
886,0.18,37,35,29,1.35,1.5
887,0.13,65,20,15,1.45,0.6
888,0.13,65,20,15,1.45,0.6
889,0.15,50,31,20,1.4,2.1
890,0.15,50,31,20,1.4,2.1
891,0.07,85,7,8,1.53,0.5
892,0.12,38,36,27,1.48,0.8
893,0.14,8,29,63,1.2,3.1
894,0.14,68,16,16,1.45,0.9
895,0.13,65,20,15,1.48,0.8
896,0.08,84,7,10,1.53,0.8
897,0.16,66,16,18,1.42,2.8
898,0.07,95,1,4,1.52,0.4
899,0.12,65,17,18,1.54,1.5
900,0.12,65,17,18,1.54,1.5
901,0.14,48,32,20,1.48,2.2
902,0.14,48,32,20,1.48,2.2
903,0.13,51,30,19,1.43,2.5
904,0.17,49,31,20,1.43,2.5
905,0.14,68,16,16,1.45,0.9
906,0.14,68,16,16,1.45,0.9
907,0.14,68,16,16,1.45,0.9
908,0.2,48,31,21,1.4,0.9
909,0.1,45,33,22,1.58,0.2
910,0.16,14,31,55,1.34,2.8
911,0.13,51,30,19,1.43,0.9
912,0.13,51,30,19,1.43,2.5
913,0.17,50,31,19,1.38,2.5
914,0.17,33,32,35,1.38,2.5
915,0.12,68,16,16,1.5,0.6
916,0.12,68,16,16,1.5,0.6
917,0.13,34,35,31,1.54,2.8
918,0.1,88,4,8,1.48,0.8
919,0.13,85,6,9,1.45,0.6
920,0.16,50,32,18,1.46,2.1
921,0.16,50,32,18,1.46,2.1
922,0.15,50,31,20,1.4,2.1
923,0.15,50,31,20,1.4,2.1
924,0.13,66,17,17,1.48,0.7
925,0.13,66,17,17,1.48,0.7
926,0.16,20,25,55,1.16,2.6
927,0.13,76,14,11,1.52,0.5
928,0.16,18,31,51,1.21,2.2
929,0.14,66,16,18,1.61,1
930,0.1,88,5,7,1.61,0.3
931,0.14,48,32,20,1.48,2.2
932,0.13,51,30,19,1.43,2.5
933,0.17,49,31,20,1.43,2.5
934,0.14,68,16,16,1.45,0.9
935,0.14,68,16,16,1.45,0.9
936,0.13,85,4,11,1.48,0.5
937,0.15,67,18,15,1.48,0.9
938,0.15,67,18,15,1.48,0.9
941,0.1,45,33,22,1.58,0.2
942,0.13,51,30,19,1.43,0.9
943,0.13,77,8,16,1.54,0.5
944,0.15,54,10,36,1.04,2.5
945,0.12,68,16,16,1.5,0.6
946,0.12,68,16,16,1.5,0.6
947,0.12,68,16,16,1.5,0.6
948,0.13,66,17,17,1.48,0.7
949,0.12,68,16,16,1.5,0.6
950,0.15,45,33,22,1.28,3.9
951,0.13,66,17,17,1.48,0.7
952,0.1,88,4,8,1.48,0.8
953,0.13,85,6,9,1.45,0.6
954,0.16,50,32,18,1.46,2.1
955,0.15,50,31,20,1.4,2.1
956,0.13,66,17,17,1.48,0.7
957,0.13,66,17,17,1.48,0.7
958,0.13,76,14,11,1.52,0.5
959,0.11,73,10,17,1.45,0.7
960,0.16,18,31,51,1.21,2.2
961,0.14,66,16,18,1.61,1
962,0.1,88,5,7,1.61,0.3
963,0.12,65,17,18,1.54,1.5
964,0.14,68,16,16,1.45,0.9
965,0.14,68,16,16,1.45,0.9
966,0.13,85,6,9,1.45,0.6
967,0.15,42,38,20,1.45,0.9
968,0.15,67,18,15,1.48,0.9
969,0.15,67,18,15,1.48,0.9
970,0.11,73,10,17,1.45,0.7
971,0.14,50,29,21,1.52,0.9
972,0.15,45,33,22,1.48,3.9
975,0.1,88,4,8,1.48,0.8
976,0.13,51,30,19,1.43,0.9
977,0.13,51,30,19,1.43,0.9
978,0.07,95,1,4,1.6,0.4
979,0.07,85,7,8,1.53,0.5
980,0.14,44,37,19,1.4,2.9
981,0.16,33,32,35,1.3,2
982,0.13,65,20,15,1.45,0.6
983,0.13,65,20,15,1.45,0.6
984,0.15,50,31,20,1.4,2.1
985,0.18,43,29,28,1.5,2.5
986,0.15,39,30,31,1.55,2.1
987,0.13,63,19,18,1.5,0.6
988,0.08,86,7,8,1.5,1.3
989,0.08,86,7,8,1.5,1.3
990,0.13,85,4,11,1.48,0.5
991,0.17,50,31,19,1.38,2.5
992,0.07,95,1,4,1.52,0.4
993,0.15,45,33,22,1.48,3.9
994,0.12,65,17,18,1.54,1.5
995,0.11,67,20,13,1.45,1.3
996,0.17,40,38,23,1.4,1.5
997,0.13,66,20,14,1.45,0.8
998,0.13,66,20,14,1.53,0.9
999,0.08,86,7,8,1.45,0.8
1000,0.06,92,1,7,1.63,1.3
